timestamp,total_requests,total_cpu
2023-01-01 00:00:00,7356026.0,9.836
2023-01-01 00:01:00,6664948.0,71.58599999999998
2023-01-01 00:02:00,6257310.0,130.24399999999997
2023-01-01 00:03:00,6221504.0,190.67599999999993
2023-01-01 00:04:00,6201074.0,249.708
2023-01-01 00:05:00,6216742.0,310.592
2023-01-01 00:06:00,6140736.0,370.29800000000006
2023-01-01 00:07:00,6079830.0,431.804
2023-01-01 00:08:00,6035966.0,490.5979999999999
2023-01-01 00:09:00,6025620.0,549.8139999999999
2023-01-01 00:10:00,6040776.0,609.4340000000001
2023-01-01 00:11:00,6010208.0,670.826
2023-01-01 00:12:00,5957322.0,731.122
2023-01-01 00:13:00,5914846.0,791.8539999999999
2023-01-01 00:14:00,5890314.0,849.996
2023-01-01 00:15:00,5881432.0,911.024
2023-01-01 00:16:00,5852000.0,969.5100000000001
2023-01-01 00:17:00,5834298.0,1029.994
2023-01-01 00:18:00,5792458.0,1090.722
2023-01-01 00:19:00,5805994.0,1148.6579999999992
2023-01-01 00:20:00,5830090.0,1210.2320000000002
2023-01-01 00:21:00,5755460.0,1271.5499999999997
2023-01-01 00:22:00,5730228.0,1333.62
2023-01-01 00:23:00,5688184.0,1391.8419999999996
2023-01-01 00:24:00,5686334.0,1450.646
2023-01-01 00:25:00,5654796.0,1511.46
2023-01-01 00:26:00,5634350.0,1570.204
2023-01-01 00:27:00,5578734.0,1630.2099999999996
2023-01-01 00:28:00,5552410.0,1691.046
2023-01-01 00:29:00,5532518.0,1752.0499999999997
2023-01-01 00:30:00,6153060.0,1811.7559999999994
2023-01-01 00:31:00,5794398.0,1871.9700000000005
2023-01-01 00:32:00,5499862.0,1930.356
2023-01-01 00:33:00,5480990.0,1992.1719999999996
2023-01-01 00:34:00,5471440.0,2052.002
2023-01-01 00:35:00,5475012.0,2112.488
2023-01-01 00:36:00,5447126.0,2171.358
2023-01-01 00:37:00,5387526.0,2231.4339999999997
2023-01-01 00:38:00,5355294.0,2291.5280000000007
2023-01-01 00:39:00,5343628.0,2351.912
2023-01-01 00:40:00,5356986.0,2410.2820000000006
2023-01-01 00:41:00,5306138.0,2470.9519999999998
2023-01-01 00:42:00,5248200.0,2530.2680000000005
2023-01-01 00:43:00,5166744.0,2591.6779999999994
2023-01-01 00:44:00,5142686.0,2649.656
2023-01-01 00:45:00,5112628.0,2710.342
2023-01-01 00:46:00,5049560.0,2771.266
2023-01-01 00:47:00,5014938.0,2829.9799999999996
2023-01-01 00:48:00,4981798.0,2889.518
2023-01-01 00:49:00,4960620.0,2948.8680000000004
2023-01-01 00:50:00,4973292.0,3008.8980000000006
2023-01-01 00:51:00,4923552.0,3068.402
2023-01-01 00:52:00,4881198.0,3129.428
2023-01-01 00:53:00,4872122.0,3189.6759999999995
2023-01-01 00:54:00,4846846.0,3249.176000000001
2023-01-01 00:55:00,5003064.0,3309.362
2023-01-01 00:56:00,5008636.0,3370.3479999999995
2023-01-01 00:57:00,5016766.0,3429.042
2023-01-01 00:58:00,5050110.0,3489.7819999999997
2023-01-01 00:59:00,5074154.0,3548.512000000001
2023-01-01 01:00:00,6641886.0,3600.0
2023-01-01 01:01:00,5761666.0,3660.0
2023-01-01 01:02:00,5375690.0,3723.5359999999996
2023-01-01 01:03:00,5346604.0,3789.442
2023-01-01 01:04:00,5276786.0,3851.312
2023-01-01 01:05:00,5267414.0,3910.379999999999
2023-01-01 01:06:00,5246002.0,3971.1340000000005
2023-01-01 01:07:00,5125116.0,4032.214
2023-01-01 01:08:00,5091664.0,4090.6380000000004
2023-01-01 01:09:00,5163970.0,4152.388
2023-01-01 01:10:00,5240892.0,4210.043999999999
2023-01-01 01:11:00,5205220.0,4271.402
2023-01-01 01:12:00,5141156.0,4331.434
2023-01-01 01:13:00,5108804.0,4391.547999999999
2023-01-01 01:14:00,5102984.0,4449.771999999998
2023-01-01 01:15:00,5083104.0,4511.91
2023-01-01 01:16:00,5037860.0,4570.402
2023-01-01 01:17:00,5008828.0,4631.802
2023-01-01 01:18:00,4992294.0,4690.54
2023-01-01 01:19:00,4995540.0,4751.374000000001
2023-01-01 01:20:00,4986318.0,4810.137999999999
2023-01-01 01:21:00,4974706.0,4870.206
2023-01-01 01:22:00,4949416.0,4930.591999999999
2023-01-01 01:23:00,4915552.0,4991.266
2023-01-01 01:24:00,4903908.0,5049.6539999999995
2023-01-01 01:25:00,4907094.0,5110.830000000002
2023-01-01 01:26:00,4891088.0,5170.703999999999
2023-01-01 01:27:00,4872060.0,5231.04
2023-01-01 01:28:00,4831712.0,5290.977999999999
2023-01-01 01:29:00,4753150.0,5350.531999999999
2023-01-01 01:30:00,5141014.0,5410.105999999999
2023-01-01 01:31:00,4937226.0,5471.832000000001
2023-01-01 01:32:00,4661746.0,5530.4580000000005
2023-01-01 01:33:00,4659148.0,5590.751999999999
2023-01-01 01:34:00,4659236.0,5650.816
2023-01-01 01:35:00,4680118.0,5710.534
2023-01-01 01:36:00,4660698.0,5770.18
2023-01-01 01:37:00,4616328.0,5831.164000000001
2023-01-01 01:38:00,4587422.0,5890.642
2023-01-01 01:39:00,4585254.0,5952.394
2023-01-01 01:40:00,4618126.0,6010.864000000001
2023-01-01 01:41:00,4578564.0,6070.981999999999
2023-01-01 01:42:00,4544594.0,6130.228000000002
2023-01-01 01:43:00,4506794.0,6191.422
2023-01-01 01:44:00,4504680.0,6249.5740000000005
2023-01-01 01:45:00,4475362.0,6310.17
2023-01-01 01:46:00,4465352.0,6370.796000000001
2023-01-01 01:47:00,4466644.0,6430.034000000001
2023-01-01 01:48:00,4428602.0,6490.545999999999
2023-01-01 01:49:00,4416820.0,6550.754
2023-01-01 01:50:00,4413626.0,6609.635999999999
2023-01-01 01:51:00,4390094.0,6670.773999999999
2023-01-01 01:52:00,4368054.0,6729.835999999999
2023-01-01 01:53:00,4340784.0,6789.994
2023-01-01 01:54:00,4342312.0,6848.67
2023-01-01 01:55:00,4324306.0,6910.886
2023-01-01 01:56:00,4305994.0,6970.1500000000015
2023-01-01 01:57:00,4254012.0,7030.147999999999
2023-01-01 01:58:00,4213898.0,7088.3420000000015
2023-01-01 01:59:00,4145710.0,7149.303999999999
2023-01-01 02:00:00,4834386.0,7210.1
2023-01-01 02:01:00,4538170.0,7270.308000000002
2023-01-01 02:02:00,4263864.0,7328.638
2023-01-01 02:03:00,4280576.0,7390.2620000000015
2023-01-01 02:04:00,4292990.0,7448.814
2023-01-01 02:05:00,4276260.0,7509.57
2023-01-01 02:06:00,4197160.0,7568.553999999999
2023-01-01 02:07:00,4147584.0,7630.25
2023-01-01 02:08:00,4107322.0,7690.1900000000005
2023-01-01 02:09:00,4103254.0,7749.76
2023-01-01 02:10:00,4136834.0,7809.372
2023-01-01 02:11:00,4076866.0,7870.623999999999
2023-01-01 02:12:00,4065620.0,7929.704000000001
2023-01-01 02:13:00,4041458.0,7989.646000000002
2023-01-01 02:14:00,4027206.0,8048.8640000000005
2023-01-01 02:15:00,4017450.0,8110.191999999999
2023-01-01 02:16:00,3995232.0,8169.198
2023-01-01 02:17:00,3984714.0,8230.304000000004
2023-01-01 02:18:00,3958826.0,8289.146000000002
2023-01-01 02:19:00,3936894.0,8349.868000000004
2023-01-01 02:20:00,3958640.0,8409.025999999998
2023-01-01 02:21:00,3940034.0,8469.796000000006
2023-01-01 02:22:00,3910746.0,8529.62
2023-01-01 02:23:00,3905944.0,8589.846000000001
2023-01-01 02:24:00,3888226.0,8649.048000000006
2023-01-01 02:25:00,3891050.0,8709.676000000001
2023-01-01 02:26:00,3871186.0,8768.747999999998
2023-01-01 02:27:00,3832300.0,8827.918000000003
2023-01-01 02:28:00,3801680.0,8888.939999999999
2023-01-01 02:29:00,3723310.0,8948.724
2023-01-01 02:30:00,4201836.0,9011.466
2023-01-01 02:31:00,4032380.0,9070.294000000004
2023-01-01 02:32:00,3719370.0,9129.880000000003
2023-01-01 02:33:00,3746112.0,9189.634
2023-01-01 02:34:00,3778856.0,9248.732000000002
2023-01-01 02:35:00,3827592.0,9309.466000000004
2023-01-01 02:36:00,3780830.0,9369.278000000004
2023-01-01 02:37:00,3749102.0,9429.048000000003
2023-01-01 02:38:00,3724698.0,9488.422
2023-01-01 02:39:00,3744828.0,9548.544000000002
2023-01-01 02:40:00,3766544.0,9609.136000000002
2023-01-01 02:41:00,3725954.0,9669.192000000001
2023-01-01 02:42:00,3693360.0,9728.118000000004
2023-01-01 02:43:00,3692576.0,9788.827999999998
2023-01-01 02:44:00,3689408.0,9847.974
2023-01-01 02:45:00,3701018.0,9908.078
2023-01-01 02:46:00,3689998.0,9967.580000000002
2023-01-01 02:47:00,3662366.0,10027.715999999997
2023-01-01 02:48:00,3650064.0,10088.458000000002
2023-01-01 02:49:00,3641148.0,10148.114000000001
2023-01-01 02:50:00,3656856.0,10207.882000000001
2023-01-01 02:51:00,3636200.0,10267.898
2023-01-01 02:52:00,3630804.0,10328.198000000004
2023-01-01 02:53:00,3612694.0,10387.118000000002
2023-01-01 02:54:00,3591870.0,10448.104000000003
2023-01-01 02:55:00,3600650.0,10507.880000000003
2023-01-01 02:56:00,3590180.0,10568.264000000001
2023-01-01 02:57:00,3574422.0,10629.292000000001
2023-01-01 02:58:00,3551634.0,10688.85
2023-01-01 02:59:00,3480900.0,10748.926
2023-01-01 03:00:00,4433772.0,10807.903999999999
2023-01-01 03:01:00,4102802.0,10868.284
2023-01-01 03:02:00,3609614.0,10927.848000000002
2023-01-01 03:03:00,3625228.0,10987.672000000002
2023-01-01 03:04:00,3638832.0,11048.020000000004
2023-01-01 03:05:00,3633898.0,11108.808000000003
2023-01-01 03:06:00,3595444.0,11169.004000000003
2023-01-01 03:07:00,3540550.0,11228.906000000003
2023-01-01 03:08:00,3514114.0,11287.932000000003
2023-01-01 03:09:00,3516222.0,11348.942000000003
2023-01-01 03:10:00,3539208.0,11409.546
2023-01-01 03:11:00,3498664.0,11468.842
2023-01-01 03:12:00,3465024.0,11529.266000000001
2023-01-01 03:13:00,3454278.0,11588.240000000003
2023-01-01 03:14:00,3433810.0,11647.824
2023-01-01 03:15:00,3451064.0,11709.200000000003
2023-01-01 03:16:00,3432852.0,11768.537999999999
2023-01-01 03:17:00,3411676.0,11828.686000000002
2023-01-01 03:18:00,3406996.0,11888.996000000003
2023-01-01 03:19:00,3390594.0,11948.508
2023-01-01 03:20:00,3400220.0,12008.416
2023-01-01 03:21:00,3369838.0,12068.390000000001
2023-01-01 03:22:00,3353346.0,12128.172000000004
2023-01-01 03:23:00,3340160.0,12188.536000000002
2023-01-01 03:24:00,3321880.0,12247.354
2023-01-01 03:25:00,3318084.0,12306.754000000003
2023-01-01 03:26:00,3318678.0,12368.01
2023-01-01 03:27:00,3302588.0,12427.716000000004
2023-01-01 03:28:00,3262470.0,12487.648000000001
2023-01-01 03:29:00,3163288.0,12549.544000000002
2023-01-01 03:30:00,3602790.0,12609.452000000001
2023-01-01 03:31:00,3462066.0,12668.794000000002
2023-01-01 03:32:00,3168798.0,12728.816000000003
2023-01-01 03:33:00,3187512.0,12788.2
2023-01-01 03:34:00,3223438.0,12847.194000000001
2023-01-01 03:35:00,3274934.0,12908.612000000003
2023-01-01 03:36:00,3257822.0,12967.678000000002
2023-01-01 03:37:00,3233438.0,13028.038000000004
2023-01-01 03:38:00,3220864.0,13087.880000000003
2023-01-01 03:39:00,3217026.0,13148.152000000006
2023-01-01 03:40:00,3255416.0,13207.338000000002
2023-01-01 03:41:00,3215872.0,13268.286000000004
2023-01-01 03:42:00,3182546.0,13328.092
2023-01-01 03:43:00,3173032.0,13387.903999999999
2023-01-01 03:44:00,3174964.0,13447.054000000002
2023-01-01 03:45:00,3178802.0,13506.778000000002
2023-01-01 03:46:00,3161920.0,13568.112000000001
2023-01-01 03:47:00,3169622.0,13628.170000000002
2023-01-01 03:48:00,3152406.0,13687.482000000004
2023-01-01 03:49:00,3134708.0,13747.336000000001
2023-01-01 03:50:00,3161834.0,13808.760000000002
2023-01-01 03:51:00,3120614.0,13869.594000000001
2023-01-01 03:52:00,3055104.0,13927.177999999998
2023-01-01 03:53:00,3039250.0,13986.622000000003
2023-01-01 03:54:00,3034578.0,14047.433999999997
2023-01-01 03:55:00,3035104.0,14107.882000000003
2023-01-01 03:56:00,3016762.0,14166.568000000003
2023-01-01 03:57:00,2978616.0,14228.514000000003
2023-01-01 03:58:00,2951334.0,14288.316000000003
2023-01-01 03:59:00,2859624.0,14347.288000000004
2023-01-01 04:00:00,3608470.0,14406.968
2023-01-01 04:01:00,3353696.0,14467.634000000004
2023-01-01 04:02:00,3032818.0,14527.068
2023-01-01 04:03:00,3020752.0,14586.958000000002
2023-01-01 04:04:00,3001758.0,14646.010000000002
2023-01-01 04:05:00,3028466.0,14707.692000000003
2023-01-01 04:06:00,2982010.0,14766.630000000003
2023-01-01 04:07:00,2949042.0,14827.619999999999
2023-01-01 04:08:00,2888310.0,14887.494000000002
2023-01-01 04:09:00,2883878.0,14946.950000000003
2023-01-01 04:10:00,2907000.0,15007.808000000003
2023-01-01 04:11:00,2881504.0,15068.056000000004
2023-01-01 04:12:00,2865802.0,15128.500000000002
2023-01-01 04:13:00,2847054.0,15188.024000000003
2023-01-01 04:14:00,2839936.0,15248.84
2023-01-01 04:15:00,2847550.0,15307.300000000003
2023-01-01 04:16:00,2830738.0,15367.450000000003
2023-01-01 04:17:00,2826698.0,15427.444000000001
2023-01-01 04:18:00,2812080.0,15487.280000000002
2023-01-01 04:19:00,2806358.0,15546.886000000002
2023-01-01 04:20:00,2815108.0,15606.434000000001
2023-01-01 04:21:00,2796932.0,15668.114000000001
2023-01-01 04:22:00,2791054.0,15726.634000000002
2023-01-01 04:23:00,2780544.0,15786.474
2023-01-01 04:24:00,2770948.0,15846.592
2023-01-01 04:25:00,2776346.0,15905.772000000003
2023-01-01 04:26:00,2761372.0,15966.922
2023-01-01 04:27:00,2744970.0,16026.66
2023-01-01 04:28:00,2706284.0,16088.042000000001
2023-01-01 04:29:00,2645182.0,16147.836000000001
2023-01-01 04:30:00,3123152.0,16208.514000000003
2023-01-01 04:31:00,2934988.0,16268.024000000001
2023-01-01 04:32:00,2696216.0,16327.980000000001
2023-01-01 04:33:00,2702880.0,16388.136000000002
2023-01-01 04:34:00,2741190.0,16447.138000000003
2023-01-01 04:35:00,2801010.0,16508.630000000005
2023-01-01 04:36:00,2770894.0,16567.722
2023-01-01 04:37:00,2744224.0,16627.452
2023-01-01 04:38:00,2722010.0,16687.38800000001
2023-01-01 04:39:00,2711472.0,16747.79200000001
2023-01-01 04:40:00,2747690.0,16807.460000000003
2023-01-01 04:41:00,2723820.0,16867.413999999997
2023-01-01 04:42:00,2696638.0,16927.372
2023-01-01 04:43:00,2693036.0,16985.968000000004
2023-01-01 04:44:00,2684886.0,17046.408000000007
2023-01-01 04:45:00,2690222.0,17106.052000000007
2023-01-01 04:46:00,2680684.0,17166.850000000002
2023-01-01 04:47:00,2671228.0,17225.812
2023-01-01 04:48:00,2669092.0,17286.424000000006
2023-01-01 04:49:00,2658954.0,17346.830000000005
2023-01-01 04:50:00,2684216.0,17406.934
2023-01-01 04:51:00,2668100.0,17466.620000000006
2023-01-01 04:52:00,2654790.0,17527.328
2023-01-01 04:53:00,2652296.0,17587.182000000004
2023-01-01 04:54:00,2646602.0,17646.58200000001
2023-01-01 04:55:00,2651180.0,17707.538000000004
2023-01-01 04:56:00,2647144.0,17767.340000000004
2023-01-01 04:57:00,2628690.0,17826.732000000007
2023-01-01 04:58:00,2606808.0,17886.480000000003
2023-01-01 04:59:00,2567580.0,17946.626
2023-01-01 05:00:00,3315166.0,18007.174
2023-01-01 05:01:00,3600572.0,18068.864
2023-01-01 05:02:00,2721518.0,18127.31
2023-01-01 05:03:00,2680256.0,18187.888000000003
2023-01-01 05:04:00,2673160.0,18247.416000000005
2023-01-01 05:05:00,2731164.0,18307.42
2023-01-01 05:06:00,2700102.0,18367.936000000005
2023-01-01 05:07:00,2658228.0,18426.726000000006
2023-01-01 05:08:00,2642220.0,18487.518
2023-01-01 05:09:00,2646494.0,18547.00600000001
2023-01-01 05:10:00,2691224.0,18607.539999999997
2023-01-01 05:11:00,2659994.0,18667.29
2023-01-01 05:12:00,2648844.0,18727.698000000008
2023-01-01 05:13:00,2634710.0,18786.778000000006
2023-01-01 05:14:00,2627470.0,18846.042000000005
2023-01-01 05:15:00,2658846.0,18908.694
2023-01-01 05:16:00,2641306.0,18967.008
2023-01-01 05:17:00,2637476.0,19026.471999999998
2023-01-01 05:18:00,2622432.0,19086.264000000006
2023-01-01 05:19:00,2617682.0,19147.236
2023-01-01 05:20:00,2668766.0,19206.92400000001
2023-01-01 05:21:00,2626356.0,19266.822
2023-01-01 05:22:00,2636144.0,19327.124000000007
2023-01-01 05:23:00,2626472.0,19387.076000000005
2023-01-01 05:24:00,2625990.0,19447.136000000002
2023-01-01 05:25:00,2650422.0,19508.284000000003
2023-01-01 05:26:00,2631970.0,19566.600000000006
2023-01-01 05:27:00,2615570.0,19627.028000000002
2023-01-01 05:28:00,2591334.0,19687.122000000003
2023-01-01 05:29:00,2538386.0,19747.632000000005
2023-01-01 05:30:00,3070240.0,19807.84
2023-01-01 05:31:00,2838160.0,19867.822000000004
2023-01-01 05:32:00,2598598.0,19927.028000000002
2023-01-01 05:33:00,2610900.0,19985.936000000005
2023-01-01 05:34:00,2646656.0,20045.952
2023-01-01 05:35:00,2706188.0,20106.914
2023-01-01 05:36:00,2688906.0,20166.196000000004
2023-01-01 05:37:00,2666512.0,20226.392000000007
2023-01-01 05:38:00,2648766.0,20286.974000000006
2023-01-01 05:39:00,2653468.0,20346.164
2023-01-01 05:40:00,2739292.0,20407.190000000006
2023-01-01 05:41:00,2683770.0,20466.892000000003
2023-01-01 05:42:00,2676224.0,20526.708000000002
2023-01-01 05:43:00,2647618.0,20586.876000000007
2023-01-01 05:44:00,2648800.0,20645.904000000006
2023-01-01 05:45:00,2686602.0,20706.054000000007
2023-01-01 05:46:00,2668576.0,20766.538000000004
2023-01-01 05:47:00,2666750.0,20826.84400000001
2023-01-01 05:48:00,2672452.0,20886.018000000007
2023-01-01 05:49:00,2673806.0,20946.816000000003
2023-01-01 05:50:00,2769512.0,21006.226
2023-01-01 05:51:00,2708840.0,21066.938000000002
2023-01-01 05:52:00,2707046.0,21126.578000000005
2023-01-01 05:53:00,2701200.0,21185.792000000005
2023-01-01 05:54:00,2698196.0,21246.336000000003
2023-01-01 05:55:00,2753494.0,21306.166000000005
2023-01-01 05:56:00,2718110.0,21366.742000000002
2023-01-01 05:57:00,2707148.0,21426.718000000004
2023-01-01 05:58:00,2709004.0,21486.663999999997
2023-01-01 05:59:00,2764002.0,21546.38400000001
2023-01-01 06:00:00,3855202.0,21606.64800000001
2023-01-01 06:01:00,3173374.0,21667.65400000001
2023-01-01 06:02:00,2838164.0,21727.042000000005
2023-01-01 06:03:00,2841488.0,21786.45
2023-01-01 06:04:00,2852828.0,21846.742000000002
2023-01-01 06:05:00,2940324.0,21906.98
2023-01-01 06:06:00,2893580.0,21966.746000000006
2023-01-01 06:07:00,2849524.0,22027.730000000003
2023-01-01 06:08:00,2854712.0,22086.574
2023-01-01 06:09:00,2867802.0,22146.628
2023-01-01 06:10:00,3038316.0,22207.390000000003
2023-01-01 06:11:00,2927318.0,22267.098
2023-01-01 06:12:00,2897426.0,22326.508000000005
2023-01-01 06:13:00,2896356.0,22387.188000000006
2023-01-01 06:14:00,2895746.0,22447.164
2023-01-01 06:15:00,2978528.0,22508.038000000004
2023-01-01 06:16:00,2924334.0,22567.278
2023-01-01 06:17:00,2918250.0,22626.806000000008
2023-01-01 06:18:00,2931072.0,22687.360000000004
2023-01-01 06:19:00,2929746.0,22746.510000000006
2023-01-01 06:20:00,3142322.0,22807.598
2023-01-01 06:21:00,2999914.0,22866.638000000003
2023-01-01 06:22:00,2987384.0,22926.758000000005
2023-01-01 06:23:00,2983754.0,22986.884000000005
2023-01-01 06:24:00,2981386.0,23046.274
2023-01-01 06:25:00,3061296.0,23106.564
2023-01-01 06:26:00,3028250.0,23166.644000000004
2023-01-01 06:27:00,3012038.0,23227.49600000001
2023-01-01 06:28:00,3016676.0,23286.553999999996
2023-01-01 06:29:00,3016046.0,23347.856000000003
2023-01-01 06:30:00,3924682.0,23407.584000000003
2023-01-01 06:31:00,3369486.0,23467.27
2023-01-01 06:32:00,3129048.0,23527.076000000005
2023-01-01 06:33:00,3119322.0,23587.774
2023-01-01 06:34:00,3146612.0,23646.494000000002
2023-01-01 06:35:00,3253210.0,23707.386000000002
2023-01-01 06:36:00,3201656.0,23767.322000000004
2023-01-01 06:37:00,3177526.0,23827.13
2023-01-01 06:38:00,3192274.0,23886.448000000004
2023-01-01 06:39:00,3211912.0,23946.873999999996
2023-01-01 06:40:00,3511134.0,24006.756
2023-01-01 06:41:00,3304978.0,24066.860000000004
2023-01-01 06:42:00,3275260.0,24127.854000000003
2023-01-01 06:43:00,3281934.0,24186.714000000007
2023-01-01 06:44:00,3288840.0,24247.104000000007
2023-01-01 06:45:00,3450884.0,24307.408000000003
2023-01-01 06:46:00,3362352.0,24367.004
2023-01-01 06:47:00,3363036.0,24426.918
2023-01-01 06:48:00,3374234.0,24487.598000000005
2023-01-01 06:49:00,3397722.0,24547.736000000004
2023-01-01 06:50:00,3726330.0,24606.670000000002
2023-01-01 06:51:00,3515758.0,24667.766
2023-01-01 06:52:00,3576194.0,24727.318000000003
2023-01-01 06:53:00,3553692.0,24787.108000000004
2023-01-01 06:54:00,3560634.0,24847.794
2023-01-01 06:55:00,3684778.0,24907.050000000007
2023-01-01 06:56:00,3622620.0,24968.03
2023-01-01 06:57:00,3633774.0,25027.846000000005
2023-01-01 06:58:00,3666220.0,25087.287999999997
2023-01-01 06:59:00,3839414.0,25147.302000000007
2023-01-01 07:00:00,6104394.0,25207.776
2023-01-01 07:01:00,4496442.0,25269.048000000003
2023-01-01 07:02:00,4088190.0,25327.130000000005
2023-01-01 07:03:00,4039140.0,25388.156
2023-01-01 07:04:00,4062978.0,25446.858000000004
2023-01-01 07:05:00,4258040.0,25508.016000000007
2023-01-01 07:06:00,4174500.0,25567.24
2023-01-01 07:07:00,4111222.0,25628.502000000004
2023-01-01 07:08:00,4151428.0,25687.428000000004
2023-01-01 07:09:00,4184054.0,25747.584000000003
2023-01-01 07:10:00,4627498.0,25808.076
2023-01-01 07:11:00,4322634.0,25867.498000000007
2023-01-01 07:12:00,4286808.0,25927.74
2023-01-01 07:13:00,4278418.0,25987.542000000005
2023-01-01 07:14:00,4301848.0,26048.037999999993
2023-01-01 07:15:00,4556028.0,26107.368
2023-01-01 07:16:00,4405584.0,26168.659999999996
2023-01-01 07:17:00,4390718.0,26227.914
2023-01-01 07:18:00,4420302.0,26288.102000000003
2023-01-01 07:19:00,4461358.0,26348.16
2023-01-01 07:20:00,4978640.0,26408.406000000006
2023-01-01 07:21:00,4619518.0,26468.774
2023-01-01 07:22:00,4604008.0,26528.270000000004
2023-01-01 07:23:00,4611376.0,26588.956000000006
2023-01-01 07:24:00,4637598.0,26648.570000000003
2023-01-01 07:25:00,4816142.0,26709.460000000003
2023-01-01 07:26:00,4731452.0,26768.666
2023-01-01 07:27:00,4724802.0,26829.572
2023-01-01 07:28:00,4772614.0,26889.102000000003
2023-01-01 07:29:00,4812360.0,26948.728000000003
2023-01-01 07:30:00,6327012.0,27009.32
2023-01-01 07:31:00,5297894.0,27068.920000000002
2023-01-01 07:32:00,4968098.0,27128.274
2023-01-01 07:33:00,4903892.0,27188.7
2023-01-01 07:34:00,4897270.0,27249.320000000003
2023-01-01 07:35:00,5070364.0,27309.178
2023-01-01 07:36:00,4926214.0,27369.956000000002
2023-01-01 07:37:00,4860254.0,27429.226000000006
2023-01-01 07:38:00,4866116.0,27489.42000000001
2023-01-01 07:39:00,4895338.0,27548.778000000006
2023-01-01 07:40:00,5483136.0,27609.190000000002
2023-01-01 07:41:00,5062460.0,27669.316000000003
2023-01-01 07:42:00,4976562.0,27728.620000000003
2023-01-01 07:43:00,4972286.0,27789.234000000004
2023-01-01 07:44:00,4987740.0,27847.894000000004
2023-01-01 07:45:00,5256658.0,27909.744000000002
2023-01-01 07:46:00,5056314.0,27968.142000000003
2023-01-01 07:47:00,5036254.0,28029.228000000006
2023-01-01 07:48:00,5044270.0,28088.77600000001
2023-01-01 07:49:00,5072052.0,28148.846
2023-01-01 07:50:00,5623360.0,28208.806000000004
2023-01-01 07:51:00,5219508.0,28269.102000000003
2023-01-01 07:52:00,5164874.0,28329.644
2023-01-01 07:53:00,5187822.0,28388.230000000003
2023-01-01 07:54:00,5194476.0,28448.940000000006
2023-01-01 07:55:00,5404012.0,28509.580000000005
2023-01-01 07:56:00,5243198.0,28568.15000000001
2023-01-01 07:57:00,5386212.0,28628.374
2023-01-01 07:58:00,5479722.0,28688.780000000002
2023-01-01 07:59:00,5677744.0,28749.074000000004
2023-01-01 08:00:00,8212350.0,28810.796
2023-01-01 08:01:00,6355994.0,28870.08800000001
2023-01-01 08:02:00,5887928.0,28929.59400000001
2023-01-01 08:03:00,5790666.0,28989.680000000008
2023-01-01 08:04:00,5732176.0,29049.256000000005
2023-01-01 08:05:00,5922586.0,29109.572000000004
2023-01-01 08:06:00,5680480.0,29170.272000000004
2023-01-01 08:07:00,5641194.0,29229.09800000001
2023-01-01 08:08:00,5659952.0,29288.846000000005
2023-01-01 08:09:00,5699256.0,29349.028000000006
2023-01-01 08:10:00,6455480.0,29410.230000000003
2023-01-01 08:11:00,5808784.0,29470.094
2023-01-01 08:12:00,5710192.0,29528.91
2023-01-01 08:13:00,5694948.0,29588.800000000003
2023-01-01 08:14:00,5705044.0,29649.432000000004
2023-01-01 08:15:00,6065416.0,29708.984
2023-01-01 08:16:00,5784016.0,29769.765999999996
2023-01-01 08:17:00,5754664.0,29830.224000000002
2023-01-01 08:18:00,5785708.0,29888.988
2023-01-01 08:19:00,5775398.0,29949.268000000004
2023-01-01 08:20:00,6400158.0,30010.298
2023-01-01 08:21:00,5877888.0,30069.880000000005
2023-01-01 08:22:00,5807582.0,30129.881999999998
2023-01-01 08:23:00,5799684.0,30189.754000000004
2023-01-01 08:24:00,5810346.0,30249.37000000001
2023-01-01 08:25:00,6062358.0,30309.322000000004
2023-01-01 08:26:00,5850958.0,30370.816
2023-01-01 08:27:00,5831070.0,30429.064000000002
2023-01-01 08:28:00,5885030.0,30489.786
2023-01-01 08:29:00,5950934.0,30550.152000000006
2023-01-01 08:30:00,7305408.0,30612.382
2023-01-01 08:31:00,6285894.0,30673.164
2023-01-01 08:32:00,5996574.0,30731.807999999997
2023-01-01 08:33:00,5982396.0,30791.051999999996
2023-01-01 08:34:00,5981962.0,30851.959999999995
2023-01-01 08:35:00,6227754.0,30910.568000000003
2023-01-01 08:36:00,6003842.0,30971.352
2023-01-01 08:37:00,5947684.0,31030.788000000008
2023-01-01 08:38:00,5939938.0,31091.206
2023-01-01 08:39:00,5981628.0,31150.88800000001
2023-01-01 08:40:00,8405820.0,31211.668000000005
2023-01-01 08:41:00,7466294.0,31272.41800000001
2023-01-01 08:42:00,7169800.0,31331.178
2023-01-01 08:43:00,7035528.0,31393.004000000004
2023-01-01 08:44:00,6935588.0,31450.948000000004
2023-01-01 08:45:00,7198580.0,31511.322
2023-01-01 08:46:00,6873178.0,31571.002
2023-01-01 08:47:00,6780754.0,31631.246000000003
2023-01-01 08:48:00,6731866.0,31691.21
2023-01-01 08:49:00,6709506.0,31750.876000000004
2023-01-01 08:50:00,7265090.0,31812.134000000002
2023-01-01 08:51:00,6839088.0,31870.884000000002
2023-01-01 08:52:00,6770584.0,31931.354
2023-01-01 08:53:00,6745316.0,31990.274
2023-01-01 08:54:00,6762410.0,32050.541999999998
2023-01-01 08:55:00,6964552.0,32111.034000000003
2023-01-01 08:56:00,6803764.0,32170.386000000006
2023-01-01 08:57:00,6792138.0,32231.476000000002
2023-01-01 08:58:00,6871298.0,32290.556000000004
2023-01-01 08:59:00,6989156.0,32352.458000000002
2023-01-01 09:00:00,8851180.0,32412.988
2023-01-01 09:01:00,7461184.0,32475.265999999996
2023-01-01 09:02:00,7122692.0,32532.64
2023-01-01 09:03:00,6970210.0,32594.098
2023-01-01 09:04:00,6886778.0,32651.268000000007
2023-01-01 09:05:00,6933232.0,32712.520000000008
2023-01-01 09:06:00,6794592.0,32771.548
2023-01-01 09:07:00,6779398.0,32831.471999999994
2023-01-01 09:08:00,6750304.0,32891.026
2023-01-01 09:09:00,6721648.0,32952.018
2023-01-01 09:10:00,6972624.0,33012.827999999994
2023-01-01 09:11:00,6759016.0,33072.173999999985
2023-01-01 09:12:00,6731070.0,33133.32199999999
2023-01-01 09:13:00,6772832.0,33192.157999999996
2023-01-01 09:14:00,6847144.0,33252.68400000001
2023-01-01 09:15:00,7017638.0,33311.618
2023-01-01 09:16:00,6866234.0,33372.585999999996
2023-01-01 09:17:00,6784966.0,33431.46199999999
2023-01-01 09:18:00,6780848.0,33491.603999999985
2023-01-01 09:19:00,6798258.0,33551.338
2023-01-01 09:20:00,7030184.0,33611.59799999998
2023-01-01 09:21:00,6882618.0,33673.649999999994
2023-01-01 09:22:00,6882380.0,33731.782000000014
2023-01-01 09:23:00,6848432.0,33793.27400000001
2023-01-01 09:24:00,6859902.0,33851.132
2023-01-01 09:25:00,6938622.0,33912.45000000001
2023-01-01 09:26:00,6902452.0,33971.731999999996
2023-01-01 09:27:00,6904582.0,34031.954
2023-01-01 09:28:00,6942216.0,34092.13599999999
2023-01-01 09:29:00,6999412.0,34151.545999999995
2023-01-01 09:30:00,7817468.0,34213.422000000006
2023-01-01 09:31:00,7235364.0,34272.308
2023-01-01 09:32:00,6985252.0,34332.448000000004
2023-01-01 09:33:00,6936094.0,34391.469999999994
2023-01-01 09:34:00,6944358.0,34450.93999999999
2023-01-01 09:35:00,7016036.0,34511.850000000006
2023-01-01 09:36:00,6955254.0,34571.579999999994
2023-01-01 09:37:00,6919300.0,34631.797999999995
2023-01-01 09:38:00,6905704.0,34690.492000000006
2023-01-01 09:39:00,6942198.0,34750.981999999996
2023-01-01 09:40:00,7127422.0,34811.96600000001
2023-01-01 09:41:00,6998566.0,34871.939999999995
2023-01-01 09:42:00,6964944.0,34932.298
2023-01-01 09:43:00,6961510.0,34991.286
2023-01-01 09:44:00,7012976.0,35050.259999999995
2023-01-01 09:45:00,7049802.0,35111.54600000001
2023-01-01 09:46:00,6965522.0,35170.992
2023-01-01 09:47:00,6941524.0,35231.84199999998
2023-01-01 09:48:00,6920466.0,35292.507999999994
2023-01-01 09:49:00,6956842.0,35350.990000000005
2023-01-01 09:50:00,7145142.0,35412.613999999994
2023-01-01 09:51:00,7009410.0,35472.006
2023-01-01 09:52:00,6968984.0,35531.55000000002
2023-01-01 09:53:00,6951420.0,35591.494
2023-01-01 09:54:00,6966998.0,35651.73599999999
2023-01-01 09:55:00,7012822.0,35712.32
2023-01-01 09:56:00,6981342.0,35772.719999999994
2023-01-01 09:57:00,6955526.0,35830.78199999999
2023-01-01 09:58:00,7015812.0,35892.042
2023-01-01 09:59:00,7080390.0,35951.318
2023-01-01 10:00:00,8199666.0,36012.22999999998
2023-01-01 10:01:00,7533914.0,36072.159999999996
2023-01-01 10:02:00,7262620.0,36132.18600000001
2023-01-01 10:03:00,7208832.0,36191.25400000001
2023-01-01 10:04:00,7177442.0,36252.47999999998
2023-01-01 10:05:00,7196122.0,36311.16
2023-01-01 10:06:00,7143832.0,36373.464
2023-01-01 10:07:00,7108920.0,36432.826
2023-01-01 10:08:00,7085416.0,36492.450000000004
2023-01-01 10:09:00,7094610.0,36553.37799999999
2023-01-01 10:10:00,7171028.0,36612.888
2023-01-01 10:11:00,7054140.0,36672.97399999999
2023-01-01 10:12:00,6988244.0,36732.729999999996
2023-01-01 10:13:00,6948638.0,36793.646
2023-01-01 10:14:00,6967342.0,36852.462
2023-01-01 10:15:00,7010304.0,36912.68600000001
2023-01-01 10:16:00,6965530.0,36973.846
2023-01-01 10:17:00,6953018.0,37033.301999999996
2023-01-01 10:18:00,6944584.0,37093.414000000004
2023-01-01 10:19:00,6955572.0,37152.77799999999
2023-01-01 10:20:00,7028530.0,37213.558000000005
2023-01-01 10:21:00,6991302.0,37272.115999999995
2023-01-01 10:22:00,6957766.0,37334.85800000001
2023-01-01 10:23:00,6954300.0,37391.897999999994
2023-01-01 10:24:00,6964606.0,37455.058
2023-01-01 10:25:00,6993776.0,37512.72399999999
2023-01-01 10:26:00,6971778.0,37574.35
2023-01-01 10:27:00,6950694.0,37632.713999999985
2023-01-01 10:28:00,6963944.0,37693.64800000001
2023-01-01 10:29:00,6970906.0,37752.21200000001
2023-01-01 10:30:00,7431502.0,37813.829999999994
2023-01-01 10:31:00,7190702.0,37872.67999999999
2023-01-01 10:32:00,6988538.0,37932.82199999999
2023-01-01 10:33:00,6978374.0,37992.16399999998
2023-01-01 10:34:00,7002680.0,38052.66000000001
2023-01-01 10:35:00,7010758.0,38112.10999999999
2023-01-01 10:36:00,6991940.0,38173.288
2023-01-01 10:37:00,6958050.0,38231.247999999985
2023-01-01 10:38:00,6955454.0,38294.568
2023-01-01 10:39:00,6969574.0,38352.46399999999
2023-01-01 10:40:00,7027960.0,38415.372
2023-01-01 10:41:00,7008458.0,38474.323999999986
2023-01-01 10:42:00,6972222.0,38534.509999999995
2023-01-01 10:43:00,6953540.0,38594.51200000001
2023-01-01 10:44:00,6959490.0,38653.21199999999
2023-01-01 10:45:00,6992250.0,38712.952000000005
2023-01-01 10:46:00,6956362.0,38773.388
2023-01-01 10:47:00,6955200.0,38832.301999999996
2023-01-01 10:48:00,6946260.0,38892.61599999999
2023-01-01 10:49:00,6947692.0,38953.342
2023-01-01 10:50:00,7195810.0,39012.03199999999
2023-01-01 10:51:00,7229970.0,39073.714
2023-01-01 10:52:00,7175130.0,39132.408
2023-01-01 10:53:00,7136816.0,39193.719999999994
2023-01-01 10:54:00,7109774.0,39252.43999999998
2023-01-01 10:55:00,7048914.0,39312.731999999996
2023-01-01 10:56:00,7004570.0,39372.28800000001
2023-01-01 10:57:00,6997076.0,39432.282
2023-01-01 10:58:00,7078036.0,39492.5
2023-01-01 10:59:00,7127956.0,39550.95199999998
2023-01-01 11:00:00,7892876.0,39614.657999999996
2023-01-01 11:01:00,7506502.0,39673.73399999999
2023-01-01 11:02:00,7261860.0,39733.988
2023-01-01 11:03:00,7227770.0,39793.278
2023-01-01 11:04:00,7179628.0,39853.726
2023-01-01 11:05:00,7162650.0,39913.53399999999
2023-01-01 11:06:00,7118026.0,39972.64
2023-01-01 11:07:00,7078670.0,40033.891999999985
2023-01-01 11:08:00,7041024.0,40092.087999999996
2023-01-01 11:09:00,7039154.0,40152.825999999994
2023-01-01 11:10:00,7128428.0,40214.02199999999
2023-01-01 11:11:00,7040848.0,40273.27199999999
2023-01-01 11:12:00,7029182.0,40332.21199999999
2023-01-01 11:13:00,6986018.0,40393.22000000001
2023-01-01 11:14:00,6984122.0,40451.902
2023-01-01 11:15:00,6998732.0,40513.56
2023-01-01 11:16:00,6989346.0,40572.992
2023-01-01 11:17:00,6945476.0,40632.198
2023-01-01 11:18:00,6937878.0,40693.79399999999
2023-01-01 11:19:00,6950504.0,40754.047999999995
2023-01-01 11:20:00,6977658.0,40812.852
2023-01-01 11:21:00,6956396.0,40874.36399999999
2023-01-01 11:22:00,6933336.0,40932.844
2023-01-01 11:23:00,6942334.0,40993.096
2023-01-01 11:24:00,6923306.0,41053.541999999994
2023-01-01 11:25:00,6949728.0,41113.14200000001
2023-01-01 11:26:00,6943780.0,41173.46600000001
2023-01-01 11:27:00,6887570.0,41233.528000000006
2023-01-01 11:28:00,6900392.0,41293.03400000001
2023-01-01 11:29:00,6879194.0,41352.206
2023-01-01 11:30:00,7344652.0,41412.60199999999
2023-01-01 11:31:00,7227368.0,41473.62799999998
2023-01-01 11:32:00,7012078.0,41532.986
2023-01-01 11:33:00,6957462.0,41593.776
2023-01-01 11:34:00,6970194.0,41652.623999999996
2023-01-01 11:35:00,6981828.0,41712.76799999999
2023-01-01 11:36:00,6956984.0,41773.11600000001
2023-01-01 11:37:00,6905130.0,41833.192
2023-01-01 11:38:00,6903610.0,41891.67799999999
2023-01-01 11:39:00,6904864.0,41952.38799999999
2023-01-01 11:40:00,6969144.0,42013.936
2023-01-01 11:41:00,6951298.0,42071.632
2023-01-01 11:42:00,6923882.0,42131.552
2023-01-01 11:43:00,6905282.0,42193.056
2023-01-01 11:44:00,6921138.0,42252.566000000006
2023-01-01 11:45:00,6933394.0,42311.52799999999
2023-01-01 11:46:00,6909046.0,42372.698
2023-01-01 11:47:00,6906786.0,42433.111999999994
2023-01-01 11:48:00,6921140.0,42492.583999999995
2023-01-01 11:49:00,6921408.0,42551.52399999998
2023-01-01 11:50:00,6960656.0,42612.757999999994
2023-01-01 11:51:00,6939094.0,42673.18799999999
2023-01-01 11:52:00,6924264.0,42733.787999999986
2023-01-01 11:53:00,6923704.0,42793.272
2023-01-01 11:54:00,6936894.0,42852.986
2023-01-01 11:55:00,6949988.0,42913.06199999999
2023-01-01 11:56:00,6938516.0,42974.50999999998
2023-01-01 11:57:00,6917234.0,43033.524
2023-01-01 11:58:00,6948610.0,43093.326
2023-01-01 11:59:00,6974146.0,43152.072
2023-01-01 12:00:00,7602668.0,43212.19799999999
2023-01-01 12:01:00,7322128.0,43274.146
2023-01-01 12:02:00,7144500.0,43334.91199999999
2023-01-01 12:03:00,7147316.0,43394.545999999995
2023-01-01 12:04:00,7132170.0,43454.78399999999
2023-01-01 12:05:00,7159404.0,43514.206000000006
2023-01-01 12:06:00,7112380.0,43573.784
2023-01-01 12:07:00,7058170.0,43633.16
2023-01-01 12:08:00,7021520.0,43694.97200000001
2023-01-01 12:09:00,7010930.0,43753.70599999999
2023-01-01 12:10:00,7024482.0,43816.68
2023-01-01 12:11:00,7018720.0,43873.99999999999
2023-01-01 12:12:00,7008354.0,43936.226
2023-01-01 12:13:00,7034476.0,43993.97799999999
2023-01-01 12:14:00,7029396.0,44055.59599999999
2023-01-01 12:15:00,7081872.0,44114.724
2023-01-01 12:16:00,7080494.0,44174.948
2023-01-01 12:17:00,7064268.0,44233.92800000001
2023-01-01 12:18:00,6999434.0,44295.53599999999
2023-01-01 12:19:00,6996858.0,44354.24
2023-01-01 12:20:00,7032536.0,44413.32
2023-01-01 12:21:00,7018940.0,44475.317999999985
2023-01-01 12:22:00,7012778.0,44532.67799999999
2023-01-01 12:23:00,7003402.0,44593.346000000005
2023-01-01 12:24:00,7016750.0,44652.763999999996
2023-01-01 12:25:00,7029466.0,44713.505999999994
2023-01-01 12:26:00,7028072.0,44772.621999999996
2023-01-01 12:27:00,7014474.0,44833.966
2023-01-01 12:28:00,7008444.0,44893.463999999985
2023-01-01 12:29:00,7027744.0,44954.25600000001
2023-01-01 12:30:00,7186134.0,45013.58599999999
2023-01-01 12:31:00,7234390.0,45075.17199999999
2023-01-01 12:32:00,7068388.0,45133.10000000001
2023-01-01 12:33:00,7050222.0,45194.46199999999
2023-01-01 12:34:00,7064440.0,45254.63999999999
2023-01-01 12:35:00,7096932.0,45314.007999999994
2023-01-01 12:36:00,7082966.0,45374.116
2023-01-01 12:37:00,7036842.0,45433.774000000005
2023-01-01 12:38:00,7022732.0,45493.726
2023-01-01 12:39:00,7032348.0,45553.64399999999
2023-01-01 12:40:00,7093972.0,45614.822
2023-01-01 12:41:00,7104490.0,45673.88199999998
2023-01-01 12:42:00,7071864.0,45733.337999999996
2023-01-01 12:43:00,7136208.0,45792.118
2023-01-01 12:44:00,7157320.0,45852.576
2023-01-01 12:45:00,7160154.0,45914.28599999999
2023-01-01 12:46:00,7056532.0,45973.21599999999
2023-01-01 12:47:00,7036554.0,46033.648
2023-01-01 12:48:00,7030070.0,46093.357999999986
2023-01-01 12:49:00,7059756.0,46153.293999999994
2023-01-01 12:50:00,7139776.0,46214.158
2023-01-01 12:51:00,7169264.0,46274.026
2023-01-01 12:52:00,7158716.0,46335.62799999999
2023-01-01 12:53:00,7178556.0,46393.247999999985
2023-01-01 12:54:00,7204082.0,46455.280000000006
2023-01-01 12:55:00,7214226.0,46513.505999999994
2023-01-01 12:56:00,7211392.0,46575.69999999999
2023-01-01 12:57:00,7231784.0,46632.810000000005
2023-01-01 12:58:00,7258800.0,46693.41399999999
2023-01-01 12:59:00,7278676.0,46752.218
2023-01-01 13:00:00,8103662.0,46800.0
2023-01-01 13:01:00,7728938.0,46860.0
2023-01-01 13:02:00,7391934.0,46926.772000000004
2023-01-01 13:03:00,7382964.0,46993.909999999996
2023-01-01 13:04:00,7303286.0,47053.71599999999
2023-01-01 13:05:00,7305480.0,47114.56
2023-01-01 13:06:00,7256350.0,47173.15599999999
2023-01-01 13:07:00,7225010.0,47233.615999999995
2023-01-01 13:08:00,7218726.0,47295.748000000014
2023-01-01 13:09:00,7231426.0,47353.263999999996
2023-01-01 13:10:00,7286136.0,47413.31399999999
2023-01-01 13:11:00,7441882.0,47474.308
2023-01-01 13:12:00,7410760.0,47533.76599999999
2023-01-01 13:13:00,7265914.0,47592.780000000006
2023-01-01 13:14:00,7150260.0,47652.86
2023-01-01 13:15:00,7173780.0,47714.38799999999
2023-01-01 13:16:00,7140672.0,47772.48600000001
2023-01-01 13:17:00,7132902.0,47831.76400000001
2023-01-01 13:18:00,7093850.0,47893.560000000005
2023-01-01 13:19:00,7091376.0,47952.09000000001
2023-01-01 13:20:00,7116982.0,48012.64999999999
2023-01-01 13:21:00,7082102.0,48072.76999999999
2023-01-01 13:22:00,7054330.0,48133.37599999999
2023-01-01 13:23:00,7058240.0,48193.048
2023-01-01 13:24:00,7050496.0,48252.77599999999
2023-01-01 13:25:00,7048478.0,48313.184000000016
2023-01-01 13:26:00,7031970.0,48372.952
2023-01-01 13:27:00,7025738.0,48431.166
2023-01-01 13:28:00,7011028.0,48492.58799999999
2023-01-01 13:29:00,7038370.0,48552.108
2023-01-01 13:30:00,7426246.0,48612.656
2023-01-01 13:31:00,7227290.0,48671.21399999999
2023-01-01 13:32:00,6981122.0,48731.51999999999
2023-01-01 13:33:00,6979938.0,48792.128000000004
2023-01-01 13:34:00,7010082.0,48851.551999999996
2023-01-01 13:35:00,7046862.0,48911.162000000004
2023-01-01 13:36:00,6974586.0,48972.151999999995
2023-01-01 13:37:00,6917198.0,49031.359999999986
2023-01-01 13:38:00,6907918.0,49090.62
2023-01-01 13:39:00,6918834.0,49150.614
2023-01-01 13:40:00,6965860.0,49211.876
2023-01-01 13:41:00,6933202.0,49271.282
2023-01-01 13:42:00,6934138.0,49332.361999999994
2023-01-01 13:43:00,6911882.0,49391.06799999999
2023-01-01 13:44:00,6891366.0,49451.45
2023-01-01 13:45:00,6942042.0,49510.988
2023-01-01 13:46:00,6896290.0,49571.113999999994
2023-01-01 13:47:00,6862108.0,49631.041999999994
2023-01-01 13:48:00,6857340.0,49690.397999999994
2023-01-01 13:49:00,6856274.0,49751.0
2023-01-01 13:50:00,6892944.0,49811.5
2023-01-01 13:51:00,6854134.0,49871.085999999996
2023-01-01 13:52:00,6840672.0,49931.157999999996
2023-01-01 13:53:00,6824776.0,49991.35199999999
2023-01-01 13:54:00,6837152.0,50050.876
2023-01-01 13:55:00,6863316.0,50112.39399999999
2023-01-01 13:56:00,6827208.0,50171.806000000004
2023-01-01 13:57:00,6798450.0,50230.37200000001
2023-01-01 13:58:00,6815444.0,50290.47599999999
2023-01-01 13:59:00,6825326.0,50351.113999999994
2023-01-01 14:00:00,7424676.0,50410.668000000005
2023-01-01 14:01:00,7066308.0,50471.81199999998
2023-01-01 14:02:00,6834372.0,50534.474
2023-01-01 14:03:00,6810658.0,50592.134000000005
2023-01-01 14:04:00,6821250.0,50652.578
2023-01-01 14:05:00,6850328.0,50710.39199999999
2023-01-01 14:06:00,6792922.0,50771.054
2023-01-01 14:07:00,6764482.0,50831.72799999999
2023-01-01 14:08:00,6747232.0,50890.558
2023-01-01 14:09:00,6723836.0,50949.24999999999
2023-01-01 14:10:00,6784898.0,51012.45399999999
2023-01-01 14:11:00,6731420.0,51071.50199999999
2023-01-01 14:12:00,6748098.0,51132.10199999999
2023-01-01 14:13:00,6813318.0,51191.975999999995
2023-01-01 14:14:00,6717730.0,51251.39400000001
2023-01-01 14:15:00,6757052.0,51311.23800000001
2023-01-01 14:16:00,6771146.0,51372.94199999999
2023-01-01 14:17:00,7043252.0,51430.92600000001
2023-01-01 14:18:00,6849786.0,51492.61
2023-01-01 14:19:00,6820190.0,51551.05599999999
2023-01-01 14:20:00,6891790.0,51612.598
2023-01-01 14:21:00,6778606.0,51670.89
2023-01-01 14:22:00,6751880.0,51732.566
2023-01-01 14:23:00,6732002.0,51793.34399999998
2023-01-01 14:24:00,6681692.0,51852.292
2023-01-01 14:25:00,6735374.0,51912.56199999999
2023-01-01 14:26:00,6708214.0,51972.209999999985
2023-01-01 14:27:00,6700948.0,52032.31
2023-01-01 14:28:00,6721970.0,52091.762
2023-01-01 14:29:00,6722568.0,52152.026
2023-01-01 14:30:00,7178274.0,52211.738
2023-01-01 14:31:00,6981152.0,52272.418
2023-01-01 14:32:00,6778324.0,52331.828
2023-01-01 14:33:00,6758496.0,52391.82399999999
2023-01-01 14:34:00,6758176.0,52452.47399999998
2023-01-01 14:35:00,6777752.0,52511.132000000005
2023-01-01 14:36:00,6736190.0,52572.791999999994
2023-01-01 14:37:00,6660448.0,52630.806000000004
2023-01-01 14:38:00,6640170.0,52691.56399999999
2023-01-01 14:39:00,6644332.0,52752.612
2023-01-01 14:40:00,6751792.0,52811.725999999995
2023-01-01 14:41:00,6709276.0,52871.80999999999
2023-01-01 14:42:00,6689922.0,52933.14399999999
2023-01-01 14:43:00,6671060.0,52991.77999999999
2023-01-01 14:44:00,6674742.0,53052.844
2023-01-01 14:45:00,6742222.0,53112.81800000001
2023-01-01 14:46:00,6678044.0,53171.14199999999
2023-01-01 14:47:00,6669394.0,53232.119999999995
2023-01-01 14:48:00,6675668.0,53291.93
2023-01-01 14:49:00,6671976.0,53350.87599999999
2023-01-01 14:50:00,6749200.0,53412.85400000001
2023-01-01 14:51:00,6565528.0,53472.03599999999
2023-01-01 14:52:00,6504126.0,53532.45999999999
2023-01-01 14:53:00,6459896.0,53591.598
2023-01-01 14:54:00,6445632.0,53651.52999999999
2023-01-01 14:55:00,6496122.0,53713.022
2023-01-01 14:56:00,6455130.0,53772.079999999994
2023-01-01 14:57:00,6429050.0,53831.718000000015
2023-01-01 14:58:00,6449438.0,53891.776000000005
2023-01-01 14:59:00,6447354.0,53951.439999999995
2023-01-01 15:00:00,7191682.0,54012.48600000001
2023-01-01 15:01:00,6849366.0,54073.1
2023-01-01 15:02:00,6625246.0,54133.702000000005
2023-01-01 15:03:00,6584352.0,54192.477999999996
2023-01-01 15:04:00,6590358.0,54252.396
2023-01-01 15:05:00,6629682.0,54313.67399999999
2023-01-01 15:06:00,6577288.0,54372.894
2023-01-01 15:07:00,6539426.0,54432.456
2023-01-01 15:08:00,6497582.0,54492.82799999999
2023-01-01 15:09:00,6471592.0,54553.42
2023-01-01 15:10:00,6550568.0,54611.872
2023-01-01 15:11:00,6480280.0,54672.56599999999
2023-01-01 15:12:00,6455570.0,54733.1
2023-01-01 15:13:00,6428794.0,54791.082
2023-01-01 15:14:00,6413274.0,54850.28800000001
2023-01-01 15:15:00,6465512.0,54910.698
2023-01-01 15:16:00,6406798.0,54971.96
2023-01-01 15:17:00,6403624.0,55030.89599999999
2023-01-01 15:18:00,6391454.0,55090.86399999999
2023-01-01 15:19:00,6381416.0,55152.934
2023-01-01 15:20:00,6456096.0,55210.91799999999
2023-01-01 15:21:00,6394578.0,55271.979999999996
2023-01-01 15:22:00,6380942.0,55332.51200000001
2023-01-01 15:23:00,6360080.0,55392.384000000005
2023-01-01 15:24:00,6363786.0,55451.013999999996
2023-01-01 15:25:00,6402312.0,55511.856
2023-01-01 15:26:00,6393984.0,55572.342000000004
2023-01-01 15:27:00,6359450.0,55631.83
2023-01-01 15:28:00,6349722.0,55690.884
2023-01-01 15:29:00,6342828.0,55751.314000000006
2023-01-01 15:30:00,6768148.0,55811.128
2023-01-01 15:31:00,6591182.0,55871.69199999999
2023-01-01 15:32:00,6408234.0,55931.24
2023-01-01 15:33:00,6388538.0,55992.234000000004
2023-01-01 15:34:00,6410510.0,56051.25200000001
2023-01-01 15:35:00,6442612.0,56111.29599999998
2023-01-01 15:36:00,6416858.0,56171.904
2023-01-01 15:37:00,6390012.0,56231.16999999999
2023-01-01 15:38:00,6342290.0,56291.402
2023-01-01 15:39:00,6344002.0,56351.618
2023-01-01 15:40:00,6410512.0,56410.67199999999
2023-01-01 15:41:00,6384898.0,56471.162
2023-01-01 15:42:00,6338428.0,56531.856
2023-01-01 15:43:00,6325410.0,56590.72200000001
2023-01-01 15:44:00,6335574.0,56650.10399999999
2023-01-01 15:45:00,6368598.0,56711.09399999999
2023-01-01 15:46:00,6332902.0,56771.538
2023-01-01 15:47:00,6409294.0,56831.916
2023-01-01 15:48:00,6367564.0,56891.384000000005
2023-01-01 15:49:00,6356450.0,56952.134000000005
2023-01-01 15:50:00,6401090.0,57011.19599999999
2023-01-01 15:51:00,6377124.0,57072.09999999999
2023-01-01 15:52:00,6338074.0,57131.22799999999
2023-01-01 15:53:00,6393364.0,57191.342
2023-01-01 15:54:00,6438906.0,57251.242
2023-01-01 15:55:00,6476112.0,57312.134
2023-01-01 15:56:00,6471994.0,57372.52
2023-01-01 15:57:00,6457420.0,57432.16199999999
2023-01-01 15:58:00,6493424.0,57492.793999999994
2023-01-01 15:59:00,6520338.0,57552.45
2023-01-01 16:00:00,7277998.0,57612.329999999994
2023-01-01 16:01:00,6916794.0,57672.045999999995
2023-01-01 16:02:00,6608878.0,57731.816
2023-01-01 16:03:00,6552708.0,57792.583999999995
2023-01-01 16:04:00,6470352.0,57852.72199999999
2023-01-01 16:05:00,6456702.0,57911.865999999995
2023-01-01 16:06:00,6405338.0,57971.27
2023-01-01 16:07:00,6402562.0,58032.63999999999
2023-01-01 16:08:00,6373406.0,58092.056
2023-01-01 16:09:00,6355044.0,58151.376
2023-01-01 16:10:00,6405278.0,58211.461999999985
2023-01-01 16:11:00,6366188.0,58271.50199999999
2023-01-01 16:12:00,6337556.0,58332.286
2023-01-01 16:13:00,6325280.0,58391.229999999996
2023-01-01 16:14:00,6536930.0,58450.757999999994
2023-01-01 16:15:00,6553146.0,58511.68399999999
2023-01-01 16:16:00,6474536.0,58572.799999999996
2023-01-01 16:17:00,6328356.0,58630.76399999999
2023-01-01 16:18:00,6334962.0,58691.272
2023-01-01 16:19:00,6355952.0,58751.64800000001
2023-01-01 16:20:00,6384200.0,58812.835999999996
2023-01-01 16:21:00,6348570.0,58871.407999999996
2023-01-01 16:22:00,6326796.0,58931.765999999996
2023-01-01 16:23:00,6326672.0,58991.011999999995
2023-01-01 16:24:00,6345420.0,59051.994000000006
2023-01-01 16:25:00,6349158.0,59110.39199999999
2023-01-01 16:26:00,6319908.0,59171.31
2023-01-01 16:27:00,6296836.0,59230.854
2023-01-01 16:28:00,6316196.0,59291.22199999999
2023-01-01 16:29:00,6293738.0,59350.944
2023-01-01 16:30:00,6701698.0,59411.884
2023-01-01 16:31:00,6563314.0,59471.594000000005
2023-01-01 16:32:00,6380230.0,59529.943999999996
2023-01-01 16:33:00,6374580.0,59591.571999999986
2023-01-01 16:34:00,6427842.0,59650.73999999999
2023-01-01 16:35:00,6447080.0,59711.19
2023-01-01 16:36:00,6427876.0,59770.68400000001
2023-01-01 16:37:00,6386756.0,59831.66
2023-01-01 16:38:00,6380324.0,59889.64599999999
2023-01-01 16:39:00,6427246.0,59950.265999999996
2023-01-01 16:40:00,6501222.0,60010.04800000001
2023-01-01 16:41:00,6551438.0,60071.39999999999
2023-01-01 16:42:00,6542854.0,60130.10799999999
2023-01-01 16:43:00,6393738.0,60190.85
2023-01-01 16:44:00,6387058.0,60250.91799999999
2023-01-01 16:45:00,6439780.0,60310.85399999999
2023-01-01 16:46:00,6451424.0,60372.17799999999
2023-01-01 16:47:00,6433680.0,60432.084
2023-01-01 16:48:00,6429596.0,60491.35
2023-01-01 16:49:00,6437514.0,60550.05
2023-01-01 16:50:00,6462512.0,60610.316
2023-01-01 16:51:00,6417196.0,60670.054
2023-01-01 16:52:00,6422654.0,60730.67399999999
2023-01-01 16:53:00,6399642.0,60791.16
2023-01-01 16:54:00,6430632.0,60850.78800000001
2023-01-01 16:55:00,6418530.0,60911.545999999995
2023-01-01 16:56:00,6426456.0,60971.821999999986
2023-01-01 16:57:00,6419104.0,61031.46799999999
2023-01-01 16:58:00,6426792.0,61090.63399999999
2023-01-01 16:59:00,6444340.0,61150.423999999985
2023-01-01 17:00:00,7123944.0,61211.01600000001
2023-01-01 17:01:00,6818992.0,61270.786
2023-01-01 17:02:00,6577848.0,61330.36800000001
2023-01-01 17:03:00,6532044.0,61392.314000000006
2023-01-01 17:04:00,6533338.0,61450.37599999999
2023-01-01 17:05:00,6543922.0,61511.545999999995
2023-01-01 17:06:00,6510978.0,61570.34199999998
2023-01-01 17:07:00,6462324.0,61630.24199999999
2023-01-01 17:08:00,6455274.0,61691.40800000001
2023-01-01 17:09:00,6480950.0,61749.78000000001
2023-01-01 17:10:00,6514432.0,61810.68
2023-01-01 17:11:00,6471152.0,61871.78799999999
2023-01-01 17:12:00,6465706.0,61930.314000000006
2023-01-01 17:13:00,6467964.0,61990.974
2023-01-01 17:14:00,6469530.0,62051.684
2023-01-01 17:15:00,6497386.0,62111.028
2023-01-01 17:16:00,6468098.0,62172.28799999999
2023-01-01 17:17:00,6459194.0,62233.193999999996
2023-01-01 17:18:00,6459940.0,62292.078
2023-01-01 17:19:00,6471356.0,62351.16999999999
2023-01-01 17:20:00,6515758.0,62412.31799999999
2023-01-01 17:21:00,6484318.0,62471.599999999984
2023-01-01 17:22:00,6471570.0,62531.726
2023-01-01 17:23:00,6483682.0,62592.604
2023-01-01 17:24:00,6491770.0,62652.58
2023-01-01 17:25:00,6508804.0,62711.92
2023-01-01 17:26:00,6511786.0,62771.76
2023-01-01 17:27:00,6467814.0,62831.612
2023-01-01 17:28:00,6474340.0,62890.742
2023-01-01 17:29:00,6476330.0,62951.294
2023-01-01 17:30:00,6870778.0,63011.630000000005
2023-01-01 17:31:00,6793278.0,63073.04599999999
2023-01-01 17:32:00,6645556.0,63131.71800000001
2023-01-01 17:33:00,6655716.0,63191.936
2023-01-01 17:34:00,6669044.0,63252.08799999999
2023-01-01 17:35:00,6683252.0,63311.584
2023-01-01 17:36:00,6700818.0,63372.41000000001
2023-01-01 17:37:00,6672486.0,63430.702
2023-01-01 17:38:00,6646572.0,63491.371999999996
2023-01-01 17:39:00,6643236.0,63550.96800000001
2023-01-01 17:40:00,6650774.0,63611.236
2023-01-01 17:41:00,6620574.0,63672.152
2023-01-01 17:42:00,6596780.0,63730.72200000001
2023-01-01 17:43:00,6588710.0,63790.61399999999
2023-01-01 17:44:00,6582258.0,63850.16400000001
2023-01-01 17:45:00,6614752.0,63910.367999999995
2023-01-01 17:46:00,6591692.0,63971.462
2023-01-01 17:47:00,6589768.0,64030.418000000005
2023-01-01 17:48:00,6602958.0,64089.66599999999
2023-01-01 17:49:00,6613028.0,64149.31199999999
2023-01-01 17:50:00,6642612.0,64210.804000000004
2023-01-01 17:51:00,6647052.0,64270.961999999985
2023-01-01 17:52:00,6637970.0,64330.152
2023-01-01 17:53:00,6639546.0,64390.74
2023-01-01 17:54:00,6650458.0,64450.53
2023-01-01 17:55:00,6679568.0,64510.59
2023-01-01 17:56:00,6687248.0,64571.418
2023-01-01 17:57:00,6688574.0,64630.95399999999
2023-01-01 17:58:00,6715948.0,64689.734
2023-01-01 17:59:00,6749800.0,64750.25799999999
2023-01-01 18:00:00,7331998.0,64812.329999999994
2023-01-01 18:01:00,7055698.0,64871.33
2023-01-01 18:02:00,6851700.0,64931.159999999996
2023-01-01 18:03:00,6839256.0,64989.342000000004
2023-01-01 18:04:00,6847002.0,65050.441999999995
2023-01-01 18:05:00,6864270.0,65111.368
2023-01-01 18:06:00,6834958.0,65169.693999999996
2023-01-01 18:07:00,6821020.0,65231.696
2023-01-01 18:08:00,6804778.0,65290.988000000005
2023-01-01 18:09:00,6818542.0,65350.21400000001
2023-01-01 18:10:00,6851074.0,65409.662000000004
2023-01-01 18:11:00,6840338.0,65471.722
2023-01-01 18:12:00,6833160.0,65530.644
2023-01-01 18:13:00,6841026.0,65591.73199999999
2023-01-01 18:14:00,6857030.0,65649.83399999999
2023-01-01 18:15:00,6875864.0,65712.262
2023-01-01 18:16:00,6870014.0,65771.992
2023-01-01 18:17:00,6854788.0,65831.97600000002
2023-01-01 18:18:00,6851708.0,65891.93000000001
2023-01-01 18:19:00,6873902.0,65951.82200000001
2023-01-01 18:20:00,6918236.0,66011.244
2023-01-01 18:21:00,6915994.0,66072.45199999999
2023-01-01 18:22:00,6889816.0,66131.08000000002
2023-01-01 18:23:00,6898976.0,66192.426
2023-01-01 18:24:00,6921818.0,66250.96200000001
2023-01-01 18:25:00,6931166.0,66312.36200000002
2023-01-01 18:26:00,6940172.0,66372.05600000001
2023-01-01 18:27:00,6925750.0,66431.24799999999
2023-01-01 18:28:00,6937702.0,66491.26200000002
2023-01-01 18:29:00,6974618.0,66551.48999999998
2023-01-01 18:30:00,7385702.0,66613.18
2023-01-01 18:31:00,7240710.0,66672.148
2023-01-01 18:32:00,7058170.0,66733.272
2023-01-01 18:33:00,7063624.0,66792.424
2023-01-01 18:34:00,7084218.0,66852.574
2023-01-01 18:35:00,7108640.0,66911.444
2023-01-01 18:36:00,7089204.0,66971.794
2023-01-01 18:37:00,7048408.0,67031.26199999999
2023-01-01 18:38:00,7036382.0,67092.14199999999
2023-01-01 18:39:00,7049518.0,67150.988
2023-01-01 18:40:00,7099702.0,67213.04000000001
2023-01-01 18:41:00,7073270.0,67272.03000000001
2023-01-01 18:42:00,7049312.0,67332.25200000002
2023-01-01 18:43:00,7056570.0,67392.18800000001
2023-01-01 18:44:00,7063624.0,67451.562
2023-01-01 18:45:00,7087512.0,67512.10399999998
2023-01-01 18:46:00,7059156.0,67571.35599999999
2023-01-01 18:47:00,7060866.0,67630.98199999999
2023-01-01 18:48:00,7071034.0,67691.09400000001
2023-01-01 18:49:00,7066144.0,67750.65400000001
2023-01-01 18:50:00,7120286.0,67811.388
2023-01-01 18:51:00,7119222.0,67872.24399999999
2023-01-01 18:52:00,7110852.0,67930.68399999998
2023-01-01 18:53:00,7133624.0,67992.08399999999
2023-01-01 18:54:00,7152124.0,68050.3
2023-01-01 18:55:00,7171162.0,68112.856
2023-01-01 18:56:00,7172340.0,68171.53799999997
2023-01-01 18:57:00,7183062.0,68231.806
2023-01-01 18:58:00,7213564.0,68290.64400000001
2023-01-01 18:59:00,7252830.0,68351.27000000002
2023-01-01 19:00:00,7921262.0,68412.92000000003
2023-01-01 19:01:00,7577146.0,68472.00200000001
2023-01-01 19:02:00,7349542.0,68532.296
2023-01-01 19:03:00,7344278.0,68592.18999999999
2023-01-01 19:04:00,7421786.0,68653.7
2023-01-01 19:05:00,7450370.0,68712.16
2023-01-01 19:06:00,7310990.0,68772.682
2023-01-01 19:07:00,7267074.0,68833.35800000001
2023-01-01 19:08:00,7238438.0,68892.162
2023-01-01 19:09:00,7248878.0,68953.60999999999
2023-01-01 19:10:00,7282602.0,69011.96
2023-01-01 19:11:00,7253280.0,69073.128
2023-01-01 19:12:00,7265440.0,69133.284
2023-01-01 19:13:00,7253426.0,69192.974
2023-01-01 19:14:00,7241492.0,69252.884
2023-01-01 19:15:00,7255864.0,69313.71600000001
2023-01-01 19:16:00,7250912.0,69373.48
2023-01-01 19:17:00,7258626.0,69434.632
2023-01-01 19:18:00,7245648.0,69492.018
2023-01-01 19:19:00,7262232.0,69553.08199999998
2023-01-01 19:20:00,7302030.0,69613.23600000002
2023-01-01 19:21:00,7340540.0,69673.662
2023-01-01 19:22:00,7267722.0,69732.74
2023-01-01 19:23:00,7264562.0,69794.88000000002
2023-01-01 19:24:00,7295294.0,69853.372
2023-01-01 19:25:00,7299846.0,69913.28599999998
2023-01-01 19:26:00,7297690.0,69974.10800000001
2023-01-01 19:27:00,7277522.0,70033.004
2023-01-01 19:28:00,7278998.0,70093.214
2023-01-01 19:29:00,7293642.0,70153.31000000003
2023-01-01 19:30:00,7683296.0,70212.66400000003
2023-01-01 19:31:00,7496808.0,70274.512
2023-01-01 19:32:00,7313254.0,70333.864
2023-01-01 19:33:00,7299944.0,70393.00799999999
2023-01-01 19:34:00,7317592.0,70452.73999999999
2023-01-01 19:35:00,7332906.0,70514.25200000002
2023-01-01 19:36:00,7327562.0,70574.314
2023-01-01 19:37:00,7303508.0,70632.41
2023-01-01 19:38:00,7292556.0,70692.82199999997
2023-01-01 19:39:00,7321924.0,70753.10399999999
2023-01-01 19:40:00,7349324.0,70812.33399999997
2023-01-01 19:41:00,7323874.0,70872.142
2023-01-01 19:42:00,7314364.0,70931.68199999999
2023-01-01 19:43:00,7317220.0,70992.678
2023-01-01 19:44:00,7324072.0,71050.95000000001
2023-01-01 19:45:00,7344404.0,71112.49
2023-01-01 19:46:00,7333656.0,71172.19400000002
2023-01-01 19:47:00,7325314.0,71230.97600000001
2023-01-01 19:48:00,7330726.0,71290.288
2023-01-01 19:49:00,7327194.0,71350.71199999998
2023-01-01 19:50:00,7376622.0,71411.59599999999
2023-01-01 19:51:00,7364168.0,71470.61799999999
2023-01-01 19:52:00,7362754.0,71530.182
2023-01-01 19:53:00,7346636.0,71592.32599999999
2023-01-01 19:54:00,7379576.0,71651.10000000002
2023-01-01 19:55:00,7400032.0,71712.028
2023-01-01 19:56:00,7395178.0,71772.998
2023-01-01 19:57:00,7381952.0,71833.09000000001
2023-01-01 19:58:00,7421682.0,71893.00200000001
2023-01-01 19:59:00,7457448.0,71953.08600000001
2023-01-01 20:00:00,8194002.0,72011.758
2023-01-01 20:01:00,7781266.0,72073.81400000001
2023-01-01 20:02:00,7545408.0,72132.53600000002
2023-01-01 20:03:00,7504044.0,72194.41600000001
2023-01-01 20:04:00,7500784.0,72251.842
2023-01-01 20:05:00,7514516.0,72312.808
2023-01-01 20:06:00,7457656.0,72373.002
2023-01-01 20:07:00,7426974.0,72434.088
2023-01-01 20:08:00,7407458.0,72492.92999999998
2023-01-01 20:09:00,7445622.0,72553.47200000002
2023-01-01 20:10:00,7520562.0,72613.32400000002
2023-01-01 20:11:00,7492302.0,72673.378
2023-01-01 20:12:00,7487824.0,72733.32999999999
2023-01-01 20:13:00,7465178.0,72793.342
2023-01-01 20:14:00,7457910.0,72853.27999999998
2023-01-01 20:15:00,7489610.0,72913.388
2023-01-01 20:16:00,7465308.0,72973.27199999998
2023-01-01 20:17:00,7431428.0,73034.61399999999
2023-01-01 20:18:00,7420270.0,73092.374
2023-01-01 20:19:00,7432808.0,73153.34800000003
2023-01-01 20:20:00,7465228.0,73212.92599999999
2023-01-01 20:21:00,7448266.0,73274.34800000001
2023-01-01 20:22:00,7423220.0,73333.95000000001
2023-01-01 20:23:00,7434772.0,73392.96800000001
2023-01-01 20:24:00,7448826.0,73454.0
2023-01-01 20:25:00,7471774.0,73513.182
2023-01-01 20:26:00,7477060.0,73573.65399999998
2023-01-01 20:27:00,7471466.0,73632.56400000001
2023-01-01 20:28:00,7470124.0,73693.57800000002
2023-01-01 20:29:00,7505954.0,73752.34200000003
2023-01-01 20:30:00,8049404.0,73813.27799999996
2023-01-01 20:31:00,7812186.0,73872.77199999998
2023-01-01 20:32:00,7593708.0,73933.06400000001
2023-01-01 20:33:00,7566718.0,73993.52200000001
2023-01-01 20:34:00,7593658.0,74052.90200000003
2023-01-01 20:35:00,7612554.0,74112.87800000001
2023-01-01 20:36:00,7572284.0,74172.948
2023-01-01 20:37:00,7540104.0,74232.972
2023-01-01 20:38:00,7516346.0,74292.90800000002
2023-01-01 20:39:00,7522294.0,74353.76000000001
2023-01-01 20:40:00,7549006.0,74412.202
2023-01-01 20:41:00,7538278.0,74474.284
2023-01-01 20:42:00,7518284.0,74533.32600000002
2023-01-01 20:43:00,7488980.0,74593.53800000003
2023-01-01 20:44:00,7507424.0,74652.51599999999
2023-01-01 20:45:00,7530792.0,74714.446
2023-01-01 20:46:00,7506802.0,74772.69
2023-01-01 20:47:00,7507854.0,74833.748
2023-01-01 20:48:00,7494320.0,74892.62200000002
2023-01-01 20:49:00,7506096.0,74953.33200000002
2023-01-01 20:50:00,7585700.0,75012.42000000001
2023-01-01 20:51:00,7647200.0,75073.92800000001
2023-01-01 20:52:00,7647452.0,75132.024
2023-01-01 20:53:00,7587952.0,75193.97800000002
2023-01-01 20:54:00,7575508.0,75252.33400000002
2023-01-01 20:55:00,7558906.0,75314.10200000001
2023-01-01 20:56:00,7547144.0,75372.568
2023-01-01 20:57:00,7586540.0,75432.98200000002
2023-01-01 20:58:00,7667084.0,75493.76200000002
2023-01-01 20:59:00,7762122.0,75552.26199999999
2023-01-01 21:00:00,8798066.0,75613.164
2023-01-01 21:01:00,8366020.0,75673.11
2023-01-01 21:02:00,8031556.0,75733.13600000003
2023-01-01 21:03:00,7927938.0,75793.368
2023-01-01 21:04:00,7915398.0,75851.73200000002
2023-01-01 21:05:00,7906380.0,75914.242
2023-01-01 21:06:00,7838894.0,75971.894
2023-01-01 21:07:00,7800540.0,76032.88999999998
2023-01-01 21:08:00,7815950.0,76090.876
2023-01-01 21:09:00,7855022.0,76152.018
2023-01-01 21:10:00,8089232.0,76212.10800000001
2023-01-01 21:11:00,7792266.0,76272.27399999998
2023-01-01 21:12:00,7731368.0,76332.27399999999
2023-01-01 21:13:00,7741466.0,76390.99
2023-01-01 21:14:00,7744436.0,76452.13200000001
2023-01-01 21:15:00,7870676.0,76512.964
2023-01-01 21:16:00,7731694.0,76572.8
2023-01-01 21:17:00,7693726.0,76632.21
2023-01-01 21:18:00,7700704.0,76691.82600000002
2023-01-01 21:19:00,7694204.0,76752.35
2023-01-01 21:20:00,7842184.0,76811.056
2023-01-01 21:21:00,7691074.0,76872.178
2023-01-01 21:22:00,7657980.0,76932.28600000001
2023-01-01 21:23:00,7674948.0,76991.132
2023-01-01 21:24:00,7653648.0,77052.26200000002
2023-01-01 21:25:00,7789082.0,77112.424
2023-01-01 21:26:00,7634724.0,77173.112
2023-01-01 21:27:00,7601772.0,77232.426
2023-01-01 21:28:00,7574450.0,77291.50799999999
2023-01-01 21:29:00,7587876.0,77351.646
2023-01-01 21:30:00,8078428.0,77412.81
2023-01-01 21:31:00,7851392.0,77473.44
2023-01-01 21:32:00,7606930.0,77532.39
2023-01-01 21:33:00,7636034.0,77594.74799999998
2023-01-01 21:34:00,7673280.0,77651.64199999999
2023-01-01 21:35:00,7816136.0,77713.208
2023-01-01 21:36:00,7696884.0,77774.08600000001
2023-01-01 21:37:00,7638194.0,77831.756
2023-01-01 21:38:00,7646752.0,77891.99000000002
2023-01-01 21:39:00,7717312.0,77952.75600000004
2023-01-01 21:40:00,7910172.0,78011.428
2023-01-01 21:41:00,7716498.0,78073.32800000002
2023-01-01 21:42:00,7649532.0,78132.62000000001
2023-01-01 21:43:00,7627302.0,78190.94200000002
2023-01-01 21:44:00,7648674.0,78252.05000000002
2023-01-01 21:45:00,7787746.0,78313.408
2023-01-01 21:46:00,7636082.0,78371.714
2023-01-01 21:47:00,7652686.0,78431.70999999999
2023-01-01 21:48:00,7628642.0,78491.636
2023-01-01 21:49:00,7672462.0,78552.28399999999
2023-01-01 21:50:00,7818156.0,78611.60800000002
2023-01-01 21:51:00,7665108.0,78673.10600000001
2023-01-01 21:52:00,7627778.0,78732.838
2023-01-01 21:53:00,7637636.0,78791.86200000001
2023-01-01 21:54:00,7641692.0,78851.34999999999
2023-01-01 21:55:00,7858582.0,78913.19
2023-01-01 21:56:00,7699812.0,78972.34000000003
2023-01-01 21:57:00,7641438.0,79031.84599999999
2023-01-01 21:58:00,7656072.0,79092.09000000005
2023-01-01 21:59:00,7707786.0,79152.75
2023-01-01 22:00:00,8876012.0,79212.87
2023-01-01 22:01:00,8236806.0,79272.13400000002
2023-01-01 22:02:00,7855428.0,79332.954
2023-01-01 22:03:00,7762562.0,79393.246
2023-01-01 22:04:00,7809882.0,79451.90400000001
2023-01-01 22:05:00,7835778.0,79512.06199999999
2023-01-01 22:06:00,7736036.0,79573.074
2023-01-01 22:07:00,7681740.0,79631.736
2023-01-01 22:08:00,7672738.0,79692.116
2023-01-01 22:09:00,7698238.0,79751.84800000001
2023-01-01 22:10:00,7722334.0,79812.008
2023-01-01 22:11:00,7663918.0,79871.386
2023-01-01 22:12:00,7628538.0,79931.69800000002
2023-01-01 22:13:00,7618610.0,79993.442
2023-01-01 22:14:00,7608796.0,80051.344
2023-01-01 22:15:00,7618020.0,80113.27599999998
2023-01-01 22:16:00,7636514.0,80173.00200000001
2023-01-01 22:17:00,7603326.0,80232.75600000001
2023-01-01 22:18:00,7587922.0,80293.722
2023-01-01 22:19:00,7574008.0,80353.624
2023-01-01 22:20:00,7603646.0,80413.12799999998
2023-01-01 22:21:00,7588154.0,80473.462
2023-01-01 22:22:00,7566316.0,80533.82599999999
2023-01-01 22:23:00,7548970.0,80591.49399999999
2023-01-01 22:24:00,7530806.0,80652.296
2023-01-01 22:25:00,7548772.0,80712.174
2023-01-01 22:26:00,7543652.0,80772.868
2023-01-01 22:27:00,7539078.0,80832.58799999997
2023-01-01 22:28:00,7599906.0,80893.01799999998
2023-01-01 22:29:00,7816138.0,80952.40400000001
2023-01-01 22:30:00,8714986.0,81013.948
2023-01-01 22:31:00,7937738.0,81073.21199999998
2023-01-01 22:32:00,7566954.0,81133.17000000001
2023-01-01 22:33:00,7527642.0,81192.61
2023-01-01 22:34:00,7534340.0,81253.89
2023-01-01 22:35:00,7592360.0,81312.66600000001
2023-01-01 22:36:00,7573352.0,81373.282
2023-01-01 22:37:00,7548882.0,81432.33400000002
2023-01-01 22:38:00,7543138.0,81493.91799999999
2023-01-01 22:39:00,7763892.0,81552.88
2023-01-01 22:40:00,7907818.0,81612.98400000001
2023-01-01 22:41:00,7569910.0,81673.884
2023-01-01 22:42:00,7476734.0,81733.41800000002
2023-01-01 22:43:00,7452068.0,81792.528
2023-01-01 22:44:00,7440448.0,81852.962
2023-01-01 22:45:00,7454616.0,81913.23400000001
2023-01-01 22:46:00,7418296.0,81973.298
2023-01-01 22:47:00,7410930.0,82033.60399999998
2023-01-01 22:48:00,7414224.0,82092.416
2023-01-01 22:49:00,7558560.0,82153.85400000002
2023-01-01 22:50:00,7607472.0,82212.46800000001
2023-01-01 22:51:00,7470730.0,82273.444
2023-01-01 22:52:00,7443278.0,82332.21399999999
2023-01-01 22:53:00,7428104.0,82392.59200000002
2023-01-01 22:54:00,7486814.0,82452.02600000001
2023-01-01 22:55:00,7477836.0,82513.22800000002
2023-01-01 22:56:00,7395524.0,82572.06199999999
2023-01-01 22:57:00,7353472.0,82632.25200000001
2023-01-01 22:58:00,7393714.0,82691.85600000001
2023-01-01 22:59:00,7465234.0,82751.27800000003
2023-01-01 23:00:00,8656332.0,82812.85600000001
2023-01-01 23:01:00,8209758.0,82872.714
2023-01-01 23:02:00,7533876.0,82931.89400000003
2023-01-01 23:03:00,7452902.0,82991.12600000002
2023-01-01 23:04:00,7414074.0,83049.62400000001
2023-01-01 23:05:00,7379914.0,83112.038
2023-01-01 23:06:00,7320634.0,83170.71399999998
2023-01-01 23:07:00,7379228.0,83230.90000000001
2023-01-01 23:08:00,7377754.0,83291.128
2023-01-01 23:09:00,7253108.0,83350.99
2023-01-01 23:10:00,7279556.0,83412.03800000002
2023-01-01 23:11:00,7236872.0,83471.90800000001
2023-01-01 23:12:00,7228106.0,83529.734
2023-01-01 23:13:00,7234086.0,83591.19200000001
2023-01-01 23:14:00,7168392.0,83649.79200000002
2023-01-01 23:15:00,7200906.0,83710.38399999999
2023-01-01 23:16:00,7133802.0,83770.15800000002
2023-01-01 23:17:00,7099304.0,83829.938
2023-01-01 23:18:00,7053264.0,83890.40000000001
2023-01-01 23:19:00,7047604.0,83950.49999999999
2023-01-01 23:20:00,7064760.0,84010.854
2023-01-01 23:21:00,7054230.0,84069.69800000002
2023-01-01 23:22:00,7017502.0,84131.184
2023-01-01 23:23:00,6997188.0,84189.59200000002
2023-01-01 23:24:00,6978868.0,84250.49000000003
2023-01-01 23:25:00,6967262.0,84311.48000000001
2023-01-01 23:26:00,6943210.0,84370.672
2023-01-01 23:27:00,6937044.0,84430.30400000002
2023-01-01 23:28:00,6941138.0,84490.17
2023-01-01 23:29:00,7101576.0,84550.25600000004
2023-01-01 23:30:00,8043982.0,84610.84000000001
2023-01-01 23:31:00,7375404.0,84670.308
2023-01-01 23:32:00,6980238.0,84730.38200000001
2023-01-01 23:33:00,6920780.0,84790.60200000001
2023-01-01 23:34:00,6910246.0,84850.554
2023-01-01 23:35:00,6907940.0,84910.15399999998
2023-01-01 23:36:00,6861108.0,84970.992
2023-01-01 23:37:00,6795272.0,85030.772
2023-01-01 23:38:00,6768322.0,85090.55999999998
2023-01-01 23:39:00,6756128.0,85150.098
2023-01-01 23:40:00,6795204.0,85211.412
2023-01-01 23:41:00,6735592.0,85271.33199999998
2023-01-01 23:42:00,6694020.0,85330.68400000001
2023-01-01 23:43:00,6663240.0,85391.12000000002
2023-01-01 23:44:00,6651648.0,85450.36200000001
2023-01-01 23:45:00,6718382.0,85510.16200000003
2023-01-01 23:46:00,6606876.0,85571.314
2023-01-01 23:47:00,6594672.0,85631.706
2023-01-01 23:48:00,6550706.0,85690.11000000002
2023-01-01 23:49:00,6553102.0,85749.55199999998
2023-01-01 23:50:00,6562916.0,85809.41000000002
2023-01-01 23:51:00,6516174.0,85871.29800000002
2023-01-01 23:52:00,6489288.0,85930.79000000001
2023-01-01 23:53:00,6462842.0,85990.518
2023-01-01 23:54:00,6447074.0,86050.908
2023-01-01 23:55:00,6435436.0,86110.952
2023-01-01 23:56:00,6420416.0,86170.026
2023-01-01 23:57:00,6411130.0,86230.078
2023-01-01 23:58:00,6461032.0,86290.45600000002
2023-01-01 23:59:00,6667310.0,86350.65200000002
